id,first_name,last_name,email,gender,ip_address
1,Theadora,McMeyler,tmcmeyler0@army.mil,Female,201.220.118.10
2,Rosanna,Aitken,raitken1@fotki.com,Female,134.202.119.156
3,Riordan,Brixey,rbrixey2@cornell.edu,Male,145.219.249.20
4,Mirilla,Stennet,mstennet3@newsvine.com,Bigender,122.80.31.10
5,Guy,Dungate,gdungate4@blinklist.com,Male,33.95.180.179
6,Quincey,Sapsforde,qsapsforde5@berkeley.edu,Male,188.97.180.38
7,Willey,Fleetwood,wfleetwood6@wunderground.com,Male,228.118.66.124
8,Serene,Berrigan,sberrigan7@dyndns.org,Female,70.191.79.185
9,Annabell,Ackrill,aackrill8@meetup.com,Female,155.57.118.86
10,Dottie,Gethen,dgethen9@jimdo.com,Genderfluid,214.49.38.189
11,Jordon,Rennock,jrennocka@alexa.com,Male,190.41.127.74
12,Alfreda,Tromans,atromansb@latimes.com,Female,131.76.123.0
13,Honor,Ernke,hernkec@elegantthemes.com,Female,228.121.62.119
14,Kristopher,Hauxwell,khauxwelld@addthis.com,Male,137.238.42.65
15,Ellary,Vuitton,evuittone@washington.edu,Male,79.122.171.181
16,Augustine,Biskupski,abiskupskif@cnet.com,Male,4.252.99.86
17,Kerwin,Jardein,kjardeing@theguardian.com,Bigender,23.13.201.61
18,Trista,Fricke,tfrickeh@hp.com,Female,71.242.112.249
19,Raimund,Rummings,rrummingsi@deliciousdays.com,Male,13.20.83.91
20,Leila,Barham,lbarhamj@home.pl,Female,75.112.66.181
21,Jenine,Syms,jsymsk@cdc.gov,Female,159.165.65.28
22,Huey,Leese,hleesel@ocn.ne.jp,Male,242.140.195.44
23,Dorena,Dizlie,ddizliem@shutterfly.com,Female,156.93.207.77
24,Adaline,Manzell,amanzelln@ucoz.com,Female,135.139.23.138
25,Susanetta,Dowsett,sdowsetto@marketwatch.com,Female,214.116.155.46
26,Sondra,Tupper,stupperp@people.com.cn,Female,157.150.34.196
27,Engracia,Thomassin,ethomassinq@seattletimes.com,Female,158.92.160.105
28,Allin,Glentworth,aglentworthr@globo.com,Male,230.10.233.146
29,Herc,Wagerfield,hwagerfields@networkadvertising.org,Genderqueer,232.23.240.160
30,Silvano,Hambleton,shambletont@slashdot.org,Male,114.62.4.255
31,Harris,Ritchman,hritchmanu@vimeo.com,Bigender,43.73.54.144
32,Ruggiero,Ceaplen,rceaplenv@miibeian.gov.cn,Male,39.179.19.34
33,Nicko,Gooch,ngoochw@senate.gov,Male,50.114.233.45
34,Alanah,Tibbs,atibbsx@goo.ne.jp,Female,24.243.29.41
35,Darcie,Hulbert,dhulberty@cam.ac.uk,Female,201.242.162.23
36,Mellisent,Belin,mbelinz@imageshack.us,Female,104.218.69.112
37,Osmund,Keenleyside,okeenleyside10@behance.net,Male,245.8.191.121
38,Renae,Slocket,rslocket11@stumbleupon.com,Female,176.62.37.105
39,Sisely,Chastenet,schastenet12@google.co.uk,Female,151.99.165.21
40,Leigh,Bodell,lbodell13@fda.gov,Male,69.129.145.59
41,Tabitha,McNish,tmcnish14@ebay.com,Female,117.216.150.240
42,Tuesday,Pahler,tpahler15@php.net,Female,22.229.28.10
43,Thorsten,Omrod,tomrod16@linkedin.com,Male,15.120.105.11
44,Otho,Pollitt,opollitt17@nydailynews.com,Male,219.191.50.52
45,William,Yerbury,wyerbury18@icio.us,Male,67.7.49.100
46,Barde,Jump,bjump19@washingtonpost.com,Genderqueer,63.111.59.245
47,Herschel,Illiston,hilliston1a@mac.com,Male,173.19.179.145
48,Savina,Abram,sabram1b@scribd.com,Genderfluid,122.244.146.157
49,Roy,Fairbairn,rfairbairn1c@mac.com,Male,20.201.139.246
50,Zollie,Budik,zbudik1d@hostgator.com,Male,225.230.139.251
51,Nico,Farrington,nfarrington1e@archive.org,Male,133.110.199.70
52,Loreen,Heart,lheart1f@google.pl,Female,183.15.82.190
53,Seward,Sheron,ssheron1g@ebay.co.uk,Male,0.57.95.200
54,Lulita,Burkman,lburkman1h@prweb.com,Female,100.151.237.63
55,Amalita,Elintune,aelintune1i@salon.com,Female,241.227.199.170
56,Noelyn,Yerill,nyerill1j@smh.com.au,Female,182.236.180.221
57,Aldous,Haggeth,ahaggeth1k@webnode.com,Male,114.109.206.91
58,Corbett,Lethlay,clethlay1l@ovh.net,Male,147.249.46.31
59,Bogey,Weagener,bweagener1m@is.gd,Male,67.139.236.187
60,Gabriela,Zute,gzute1n@seesaa.net,Female,158.179.234.205
61,Glynda,Stooders,gstooders1o@wunderground.com,Female,250.115.48.155
62,Innis,Thew,ithew1p@netscape.com,Male,2.11.15.26
63,Blake,Hildrew,bhildrew1q@ucoz.ru,Male,183.49.114.212
64,Dorette,McCaskell,dmccaskell1r@yellowbook.com,Female,247.78.9.219
65,Bendix,Klaus,bklaus1s@wordpress.org,Male,79.188.173.234
66,Enos,Gellier,egellier1t@addthis.com,Male,185.100.225.136
67,Roy,Beardwell,rbeardwell1u@nhs.uk,Male,181.75.234.8
68,Byrle,Pele,bpele1v@reverbnation.com,Male,65.194.243.170
69,Dagmar,Painswick,dpainswick1w@storify.com,Female,20.206.141.187
70,Giustina,Danjoie,gdanjoie1x@chicagotribune.com,Female,37.248.237.120
71,Nate,Girardey,ngirardey1y@xing.com,Male,88.189.185.112
72,Bail,Corkill,bcorkill1z@epa.gov,Male,173.201.107.162
73,Bryana,Pavlitschek,bpavlitschek20@mediafire.com,Female,187.168.37.249
74,Kevon,Dransfield,kdransfield21@comsenz.com,Male,54.48.105.56
75,Dom,Luchetti,dluchetti22@wunderground.com,Male,98.235.47.15
76,Alec,Branston,abranston23@harvard.edu,Male,25.2.177.47
77,Gun,Brugmann,gbrugmann24@creativecommons.org,Male,7.58.213.255
78,Karlie,Ruddick,kruddick25@europa.eu,Female,0.65.21.135
79,Frank,Louedey,flouedey26@sakura.ne.jp,Male,224.43.37.154
80,Perry,Wicklen,pwicklen27@spotify.com,Female,204.61.204.41
81,Mavra,Jinks,mjinks28@netscape.com,Female,192.114.240.243
82,Cherida,Clew,cclew29@accuweather.com,Female,112.110.35.8
83,Sherilyn,Bonifant,sbonifant2a@devhub.com,Female,209.91.174.43
84,Johanna,Benet,jbenet2b@imdb.com,Female,136.126.145.59
85,Morgun,Kimberly,mkimberly2c@wp.com,Male,243.221.76.39
86,Christoph,Nazareth,cnazareth2d@domainmarket.com,Male,86.82.66.172
87,Kahlil,Chester,kchester2e@oracle.com,Male,67.119.76.254
88,Iago,Benstead,ibenstead2f@cbc.ca,Male,253.108.191.27
89,Cass,Maddaford,cmaddaford2g@webs.com,Female,131.77.125.185
90,Sam,Neathway,sneathway2h@ihg.com,Female,255.133.209.201
91,Norma,Menilove,nmenilove2i@seesaa.net,Female,45.43.101.38
92,Nathalia,Giraudou,ngiraudou2j@diigo.com,Female,156.57.217.176
93,Jody,Bygott,jbygott2k@reuters.com,Male,85.118.255.210
94,Cobby,Adolfsen,cadolfsen2l@boston.com,Agender,201.246.216.2
95,Beatriz,MacPhaden,bmacphaden2m@purevolume.com,Female,46.109.91.149
96,Sawyere,Lathwood,slathwood2n@joomla.org,Genderfluid,37.33.245.158
97,Gay,Waddington,gwaddington2o@mozilla.org,Male,114.183.190.77
98,Milty,Hearson,mhearson2p@pcworld.com,Male,160.110.105.185
99,Lawry,Iacofo,liacofo2q@cdbaby.com,Male,17.39.43.86
100,Lydon,Boxill,lboxill2r@ifeng.com,Male,178.195.117.43
101,Ewan,Melarkey,emelarkey2s@aboutads.info,Male,202.231.219.79
102,Camilla,Crehan,ccrehan2t@hubpages.com,Genderqueer,197.191.209.169
103,Miltie,Casarili,mcasarili2u@wix.com,Male,72.209.215.242
104,Raleigh,Matuszak,rmatuszak2v@craigslist.org,Male,11.187.104.143
105,Blythe,Hulson,bhulson2w@jugem.jp,Female,175.134.37.152
106,Daniel,Di Carlo,ddicarlo2x@miitbeian.gov.cn,Male,210.195.153.162
107,Durward,Lydiard,dlydiard2y@kickstarter.com,Male,78.149.230.46
108,Polly,Hansana,phansana2z@samsung.com,Female,161.49.2.12
109,Aline,Hartness,ahartness30@merriam-webster.com,Female,187.203.84.237
110,Lindy,Shearme,lshearme31@cdc.gov,Female,154.165.50.87
111,Adolf,Baiden,abaiden32@naver.com,Agender,177.183.47.138
112,Kendall,Jurasek,kjurasek33@bizjournals.com,Male,215.137.223.14
113,Raddy,Maultby,rmaultby34@so-net.ne.jp,Male,140.62.158.154
114,Catlee,Oman,coman35@behance.net,Female,157.225.59.134
115,Bonita,Linkie,blinkie36@eventbrite.com,Female,130.63.106.10
116,Levi,Tander,ltander37@de.vu,Male,31.248.215.11
117,Nicolais,Berendsen,nberendsen38@soundcloud.com,Male,240.217.151.144
118,Hasheem,Orrill,horrill39@wp.com,Male,242.17.208.200
119,Guinna,Brennan,gbrennan3a@nasa.gov,Female,34.114.142.32
120,Pieter,Shoesmith,pshoesmith3b@princeton.edu,Male,89.254.51.64
121,Morrie,Howieson,mhowieson3c@buzzfeed.com,Male,122.56.171.120
122,Kaitlyn,Buckney,kbuckney3d@about.me,Female,6.47.82.182
123,Aubine,Olligan,aolligan3e@wikispaces.com,Female,35.95.113.164
124,Almeta,Jowitt,ajowitt3f@google.pl,Female,233.126.38.224
125,Mandi,Masey,mmasey3g@google.de,Female,180.45.78.143
126,Bertie,Maginot,bmaginot3h@youtube.com,Male,170.235.97.96
127,Arlyn,Charteris,acharteris3i@newyorker.com,Female,88.35.224.215
128,Cele,Jessett,cjessett3j@indiegogo.com,Polygender,138.121.116.159
129,Silvie,Hexter,shexter3k@imdb.com,Female,105.198.49.245
130,Inness,McLemon,imclemon3l@auda.org.au,Male,121.36.195.62
131,Marji,Kidson,mkidson3m@businessweek.com,Female,49.181.42.11
132,Britteny,Doggett,bdoggett3n@xinhuanet.com,Female,21.131.92.91
133,Mufi,Swayland,mswayland3o@opera.com,Female,145.154.107.47
134,Christa,Flacknell,cflacknell3p@free.fr,Female,37.51.243.198
135,Noe,Fallens,nfallens3q@last.fm,Male,134.210.121.164
136,Remington,Bissell,rbissell3r@alibaba.com,Male,169.47.6.61
137,Issy,Fernando,ifernando3s@yahoo.co.jp,Female,36.112.32.188
138,Porter,Falls,pfalls3t@infoseek.co.jp,Male,195.202.136.7
139,Pier,Belly,pbelly3u@topsy.com,Female,205.116.44.26
140,Spencer,Lochead,slochead3v@cocolog-nifty.com,Male,74.123.163.91
141,Abba,Bowcher,abowcher3w@google.pl,Agender,57.182.95.144
142,Grete,McKimmie,gmckimmie3x@constantcontact.com,Female,2.249.255.139
143,Adolpho,Saffran,asaffran3y@dagondesign.com,Male,176.27.171.208
144,Lanae,Ferens,lferens3z@geocities.com,Female,127.169.162.165
145,Davina,Tillot,dtillot40@marketwatch.com,Female,159.101.201.137
146,Hoyt,Killiam,hkilliam41@redcross.org,Male,206.233.221.138
147,Marje,Biggins,mbiggins42@so-net.ne.jp,Female,204.135.103.57
148,Rina,Winfield,rwinfield43@chronoengine.com,Female,81.25.58.225
149,Monique,Varey,mvarey44@miitbeian.gov.cn,Female,248.133.190.46
150,Jo,Varnham,jvarnham45@cisco.com,Female,26.116.75.233
151,Norris,Chelam,nchelam46@upenn.edu,Male,99.124.4.216
152,Staffard,Paprotny,spaprotny47@wikimedia.org,Male,222.211.44.226
153,Debbie,Hugues,dhugues48@miibeian.gov.cn,Female,149.41.198.94
154,Sheff,Collick,scollick49@sakura.ne.jp,Male,161.119.71.156
155,Catharine,Goodrich,cgoodrich4a@slashdot.org,Female,182.236.247.42
156,Jobyna,Sandercock,jsandercock4b@blogtalkradio.com,Female,16.247.42.125
157,Gracie,Tomlin,gtomlin4c@zimbio.com,Female,4.73.135.249
158,Hermann,Blay,hblay4d@prlog.org,Male,193.134.36.84
159,Janie,Fishly,jfishly4e@reverbnation.com,Female,64.133.26.139
160,Nahum,Sinney,nsinney4f@google.com.hk,Male,39.31.176.162
161,Lorianne,Hendrix,lhendrix4g@deliciousdays.com,Female,90.194.25.128
162,Buddie,Vasilic,bvasilic4h@cnet.com,Polygender,218.255.116.166
163,Stepha,Jurges,sjurges4i@webmd.com,Female,50.219.115.172
164,Lynnelle,Titman,ltitman4j@dell.com,Female,140.155.124.22
165,Delora,Spatig,dspatig4k@usda.gov,Female,97.155.192.132
166,Mark,Garratt,mgarratt4l@opensource.org,Male,149.33.110.26
167,Halsey,Kornel,hkornel4m@msu.edu,Male,142.83.26.57
168,Anitra,Martinuzzi,amartinuzzi4n@oaic.gov.au,Female,25.137.65.109
169,Francene,Meaden,fmeaden4o@gravatar.com,Non-binary,187.5.6.172
170,Benedict,MacShirrie,bmacshirrie4p@exblog.jp,Genderfluid,23.102.170.56
171,Cristina,Jewel,cjewel4q@patch.com,Female,1.172.76.174
172,Lesley,Laybourne,llaybourne4r@networkadvertising.org,Male,110.60.223.170
173,Noel,Kilbane,nkilbane4s@engadget.com,Male,12.123.43.77
174,Angelico,Mauchlen,amauchlen4t@merriam-webster.com,Male,50.222.198.41
175,Wallis,Proschek,wproschek4u@ca.gov,Male,25.253.223.81
176,Waylan,Brockhurst,wbrockhurst4v@examiner.com,Male,158.216.18.30
177,Tadeo,Pitson,tpitson4w@engadget.com,Male,214.60.227.0
178,Kalila,Viccars,kviccars4x@nhs.uk,Female,127.199.35.221
179,Marne,Carstairs,mcarstairs4y@wsj.com,Bigender,48.210.97.21
180,Cullin,Rickcord,crickcord4z@goo.ne.jp,Male,183.120.150.166
181,Crissie,Dovidaitis,cdovidaitis50@toplist.cz,Female,80.206.77.109
182,Leyla,Spileman,lspileman51@ebay.com,Female,74.195.44.235
183,Inigo,Edis,iedis52@istockphoto.com,Male,255.34.119.157
184,Virgina,Osburn,vosburn53@smh.com.au,Female,122.82.53.144
185,Dinny,Castard,dcastard54@plala.or.jp,Female,210.176.160.223
186,Rasla,Cicchinelli,rcicchinelli55@npr.org,Female,26.113.116.12
187,Jesselyn,Loseby,jloseby56@dell.com,Female,214.45.71.29
188,Erwin,Nesterov,enesterov57@google.it,Male,76.72.199.17
189,Lambert,Bremeyer,lbremeyer58@comcast.net,Male,28.239.144.214
190,Gene,Rogge,grogge59@amazon.com,Male,99.141.0.33
191,Stormie,East,seast5a@hexun.com,Female,146.213.224.208
192,Ferdinand,Pearse,fpearse5b@umn.edu,Male,147.46.117.120
193,Bard,Pratchett,bpratchett5c@spotify.com,Male,218.36.50.152
194,Livia,Shobrook,lshobrook5d@homestead.com,Agender,166.157.2.10
195,Cort,Crowe,ccrowe5e@sbwire.com,Male,153.180.231.163
196,Susanetta,Guenther,sguenther5f@salon.com,Female,215.58.119.84
197,Baxter,Johnson,bjohnson5g@netscape.com,Male,165.211.43.108
198,Philip,Mourge,pmourge5h@biglobe.ne.jp,Male,175.97.188.46
199,Wolfy,Duce,wduce5i@mapquest.com,Male,140.141.194.96
200,Cyrille,Petti,cpetti5j@multiply.com,Male,116.21.12.171
201,Martie,Marritt,mmarritt5k@seesaa.net,Female,152.74.229.141
202,Glynnis,Renhard,grenhard5l@google.it,Agender,71.88.187.27
203,Vida,Joselevitch,vjoselevitch5m@hhs.gov,Female,71.110.155.144
204,Annamaria,Chiswell,achiswell5n@usnews.com,Polygender,234.93.93.232
205,Conrad,Edmenson,cedmenson5o@patch.com,Male,243.101.27.253
206,Arabel,Bumby,abumby5p@amazon.com,Female,117.139.73.224
207,Aldis,Berrisford,aberrisford5q@macromedia.com,Male,189.91.115.22
208,Abby,Beaconsall,abeaconsall5r@ocn.ne.jp,Male,110.239.98.241
209,Kimberlee,Brigden,kbrigden5s@ucla.edu,Female,120.20.231.243
210,Charley,Greengrass,cgreengrass5t@slate.com,Male,179.148.177.215
211,Cleo,Guynemer,cguynemer5u@mit.edu,Female,37.92.213.138
212,Abba,Lefeuvre,alefeuvre5v@mashable.com,Male,58.112.148.58
213,Anjela,Buffham,abuffham5w@imdb.com,Female,99.249.156.108
214,Tedd,Huzzey,thuzzey5x@a8.net,Male,27.30.177.199
215,Gardener,De La Cote,gdelacote5y@state.gov,Polygender,28.128.245.56
216,Tan,Sturton,tsturton5z@umich.edu,Male,255.180.212.125
217,Perice,Gaymer,pgaymer60@oracle.com,Male,42.25.36.112
218,Kinsley,Trayes,ktrayes61@biblegateway.com,Male,63.152.108.243
219,Linette,Dowall,ldowall62@seattletimes.com,Female,93.162.75.242
220,Boot,Common,bcommon63@fda.gov,Male,225.29.246.151
221,Krysta,Habert,khabert64@prnewswire.com,Female,111.81.24.0
222,Norby,Cumpsty,ncumpsty65@columbia.edu,Male,23.80.131.234
223,Tiffy,Curedell,tcuredell66@yolasite.com,Female,46.19.207.4
224,Philippa,Fosserd,pfosserd67@gizmodo.com,Female,178.44.19.79
225,Duke,Ditchett,dditchett68@i2i.jp,Male,18.79.4.216
226,Benoit,De Cleyne,bdecleyne69@cnet.com,Male,127.100.79.29
227,Dixie,Doige,ddoige6a@1und1.de,Female,163.221.164.57
228,Hew,Twelvetrees,htwelvetrees6b@amazon.co.uk,Male,150.12.84.186
229,Danie,Bascombe,dbascombe6c@hibu.com,Male,177.253.104.14
230,Paulette,De Stoop,pdestoop6d@ycombinator.com,Female,107.32.223.79
231,Tan,Robinett,trobinett6e@myspace.com,Male,215.22.199.53
232,Lexie,Von Hindenburg,lvonhindenburg6f@elegantthemes.com,Female,75.189.117.139
233,Barnie,Dochon,bdochon6g@wikimedia.org,Male,110.218.224.19
234,Cornelle,Mariaud,cmariaud6h@google.fr,Female,38.183.20.142
235,Andonis,Eyckel,aeyckel6i@go.com,Male,136.242.132.255
236,Myrtia,Mulbery,mmulbery6j@nps.gov,Female,24.93.113.202
237,Charlie,Kumar,ckumar6k@ning.com,Male,104.157.173.90
238,Ileane,Scurrah,iscurrah6l@51.la,Female,66.165.31.155
239,Shell,Iacobassi,siacobassi6m@instagram.com,Male,197.12.230.122
240,Clarie,Phibb,cphibb6n@foxnews.com,Female,7.70.80.181
241,Tiffani,Smythin,tsmythin6o@foxnews.com,Female,229.139.16.152
242,Freedman,Doogue,fdoogue6p@sina.com.cn,Male,122.36.195.135
243,Rhoda,Corradengo,rcorradengo6q@lycos.com,Agender,184.249.157.129
244,Reggy,Tipperton,rtipperton6r@google.de,Male,62.74.0.26
245,Gerrie,Bambury,gbambury6s@mac.com,Male,46.190.181.61
246,Lane,Witton,lwitton6t@dyndns.org,Male,222.15.11.102
247,Thaine,Molan,tmolan6u@soup.io,Male,159.190.168.42
248,Clari,Mahomet,cmahomet6v@google.pl,Female,199.91.79.137
249,Mireille,Potter,mpotter6w@fastcompany.com,Female,218.188.250.217
250,Prisca,Cockayme,pcockayme6x@indiegogo.com,Female,236.93.238.14
251,Natalee,Stiff,nstiff6y@rambler.ru,Female,25.88.239.12
252,Toddie,Aylen,taylen6z@blogs.com,Male,19.25.177.63
253,Karlyn,Djordjevic,kdjordjevic70@booking.com,Female,184.24.70.89
254,Ian,Linham,ilinham71@tinypic.com,Male,92.231.194.246
255,Zonda,Hebbron,zhebbron72@cisco.com,Genderqueer,138.25.78.28
256,Bell,Wiggam,bwiggam73@cnet.com,Female,204.0.82.115
257,Bobby,Noblett,bnoblett74@businesswire.com,Male,220.49.130.225
258,Rutherford,Newland,rnewland75@nsw.gov.au,Male,83.227.239.228
259,Kassandra,Souza,ksouza76@wisc.edu,Female,223.156.212.139
260,Giraldo,Druery,gdruery77@businessinsider.com,Male,228.221.137.232
261,Trey,Seville,tseville78@amazon.co.jp,Male,169.93.47.113
262,Claudianus,Gowanson,cgowanson79@histats.com,Male,197.87.111.231
263,Nicolai,Pantlin,npantlin7a@cornell.edu,Male,139.101.172.7
264,Malachi,Drakes,mdrakes7b@tamu.edu,Male,13.47.235.123
265,Nisse,Tsar,ntsar7c@4shared.com,Female,59.137.100.77
266,Kimbra,Petrie,kpetrie7d@disqus.com,Female,246.80.1.139
267,Willy,Batchley,wbatchley7e@cocolog-nifty.com,Female,204.167.17.119
268,Revkah,Ardron,rardron7f@vkontakte.ru,Female,8.228.101.147
269,Clyve,Hotson,chotson7g@reddit.com,Male,133.31.36.3
270,Cirillo,Rubi,crubi7h@army.mil,Male,178.32.226.223
271,Hart,Tongs,htongs7i@virginia.edu,Male,250.37.55.181
272,Edin,Boother,eboother7j@dell.com,Female,114.147.248.151
273,Basilius,McPhelim,bmcphelim7k@cnn.com,Male,143.154.150.92
274,Lesley,Dimbleby,ldimbleby7l@livejournal.com,Male,26.43.208.14
275,Hollis,Touhig,htouhig7m@hp.com,Male,44.97.83.39
276,Neala,Levitt,nlevitt7n@nbcnews.com,Female,201.41.20.23
277,Jorey,Gorstidge,jgorstidge7o@phoca.cz,Female,111.255.151.103
278,Antonino,Maffi,amaffi7p@webnode.com,Male,96.77.63.54
279,Katy,Vondracek,kvondracek7q@mapquest.com,Female,211.98.148.28
280,Reuven,Mahaddy,rmahaddy7r@unblog.fr,Male,86.76.209.163
281,Corbie,Kording,ckording7s@51.la,Male,99.247.60.70
282,Donnajean,Matuska,dmatuska7t@geocities.com,Female,21.84.121.23
283,Orin,Gerren,ogerren7u@ucsd.edu,Male,248.155.209.125
284,Elias,McCuffie,emccuffie7v@walmart.com,Male,21.139.87.86
285,Raychel,Carwithim,rcarwithim7w@amazon.co.uk,Female,215.108.155.73
286,Welch,Thurlow,wthurlow7x@independent.co.uk,Male,139.192.50.167
287,Willi,Garnsworthy,wgarnsworthy7y@craigslist.org,Male,15.145.201.9
288,Boonie,Wooler,bwooler7z@about.me,Male,51.191.9.151
289,Homer,Baggally,hbaggally80@yale.edu,Male,111.207.188.37
290,Don,MacCaffery,dmaccaffery81@paypal.com,Male,22.122.220.185
291,Marie,Pomfrett,mpomfrett82@desdev.cn,Female,24.217.34.119
292,Pavla,Geraudy,pgeraudy83@yandex.ru,Female,72.11.201.238
293,Lorin,Budge,lbudge84@shutterfly.com,Male,80.189.226.13
294,Biron,Bradder,bbradder85@wikipedia.org,Male,206.91.195.147
295,Marietta,McAneny,mmcaneny86@hostgator.com,Non-binary,24.220.206.66
296,Bettine,Friar,bfriar87@unblog.fr,Female,61.52.202.233
297,Ezequiel,Nutton,enutton88@squidoo.com,Male,68.11.123.45
298,Florry,Pischof,fpischof89@google.pl,Female,27.81.148.88
299,Celestyna,Lambswood,clambswood8a@dion.ne.jp,Female,148.40.180.77
300,Shantee,Circuitt,scircuitt8b@mtv.com,Female,240.225.4.46
301,Isiahi,Shannon,ishannon8c@businesswire.com,Male,191.5.7.27
302,Gwendolyn,Kilpatrick,gkilpatrick8d@nymag.com,Female,149.114.237.75
303,Charlot,Watton,cwatton8e@usda.gov,Female,42.176.127.161
304,Adey,Castagno,acastagno8f@godaddy.com,Female,212.162.195.102
305,Chan,Butt,cbutt8g@sourceforge.net,Male,223.41.224.64
306,Abba,Christene,achristene8h@joomla.org,Male,234.165.76.252
307,Anatollo,Issitt,aissitt8i@digg.com,Male,165.206.116.189
308,Malina,Bonnyson,mbonnyson8j@uol.com.br,Female,124.193.198.205
309,Sherye,Dashper,sdashper8k@bloglines.com,Female,134.185.39.16
310,Celinda,Riolfo,criolfo8l@naver.com,Female,108.42.179.30
311,Melita,Lutsch,mlutsch8m@eepurl.com,Female,181.187.210.246
312,Moishe,Cogin,mcogin8n@ovh.net,Male,234.180.85.59
313,Corney,Schober,cschober8o@amazon.co.uk,Male,143.162.173.52
314,Tam,McMenamy,tmcmenamy8p@biblegateway.com,Male,144.0.240.23
315,Amandie,Badder,abadder8q@vistaprint.com,Female,196.134.170.171
316,Anthony,Dummer,adummer8r@microsoft.com,Male,50.105.108.31
317,Michaelina,Abels,mabels8s@wunderground.com,Female,218.231.233.133
318,Palmer,Jiri,pjiri8t@e-recht24.de,Male,88.108.92.22
319,Constanta,Bowne,cbowne8u@ucoz.ru,Female,209.82.219.50
320,Rusty,Bawle,rbawle8v@mit.edu,Male,23.63.39.47
321,Brice,Oldknowe,boldknowe8w@list-manage.com,Male,38.172.171.67
322,Sigrid,Maguire,smaguire8x@twitter.com,Female,233.240.118.246
323,Gram,Cleever,gcleever8y@oracle.com,Male,134.137.247.67
324,Nicoline,Damrel,ndamrel8z@topsy.com,Female,129.54.66.44
325,Carlotta,Imlin,cimlin90@photobucket.com,Female,19.82.32.170
326,Tannie,Pirouet,tpirouet91@census.gov,Male,37.223.162.40
327,Torrey,Taig,ttaig92@stanford.edu,Male,228.97.110.198
328,Rasla,Favill,rfavill93@icq.com,Bigender,10.61.109.74
329,Haze,Inchley,hinchley94@fda.gov,Male,4.114.131.80
330,Siward,Maven,smaven95@bluehost.com,Male,3.53.142.103
331,Flory,Garton,fgarton96@ihg.com,Male,6.15.93.167
332,Nichole,Knotton,nknotton97@ask.com,Male,182.152.120.39
333,Sioux,Culross,sculross98@sitemeter.com,Female,149.254.161.29
334,Vincent,Petrello,vpetrello99@princeton.edu,Male,132.103.55.250
335,Claudie,Harrowsmith,charrowsmith9a@wp.com,Female,227.188.198.6
336,Syman,Leverage,sleverage9b@yelp.com,Male,6.102.167.4
337,Ritchie,Lakes,rlakes9c@umn.edu,Male,29.105.50.109
338,Andie,Stouther,astouther9d@geocities.jp,Male,5.4.233.164
339,Patin,Teissier,pteissier9e@ezinearticles.com,Male,59.137.16.125
340,Margarita,Girardeau,mgirardeau9f@webeden.co.uk,Female,172.123.6.0
341,Margit,Joppich,mjoppich9g@g.co,Female,133.83.167.237
342,Esdras,Cleef,ecleef9h@techcrunch.com,Male,127.71.137.195
343,Anabelle,Gamble,agamble9i@purevolume.com,Female,33.104.82.139
344,Quillan,McAlpine,qmcalpine9j@squarespace.com,Male,170.96.191.151
345,Malina,Geraghty,mgeraghty9k@xing.com,Female,88.157.22.7
346,Susanna,Dunnet,sdunnet9l@about.com,Female,155.98.81.47
347,Salomon,Dreossi,sdreossi9m@google.ru,Male,154.188.234.94
348,Chery,Fieldstone,cfieldstone9n@wikimedia.org,Female,35.48.57.71
349,Ilene,Mitrikhin,imitrikhin9o@ifeng.com,Female,111.226.30.190
350,Isidore,Piggott,ipiggott9p@hao123.com,Male,142.158.235.249
351,Clementia,Puffett,cpuffett9q@wisc.edu,Bigender,234.214.222.101
352,Ari,Gathercole,agathercole9r@indiegogo.com,Male,215.83.185.242
353,Kelwin,Josskoviz,kjosskoviz9s@macromedia.com,Male,190.71.94.219
354,Leandra,McLaughlan,lmclaughlan9t@slideshare.net,Female,246.28.17.201
355,Tybie,Broughton,tbroughton9u@admin.ch,Female,74.147.105.57
356,Findlay,Goaks,fgoaks9v@ehow.com,Male,178.230.209.208
357,Wade,Topes,wtopes9w@unblog.fr,Male,187.199.46.87
358,Dukey,Dudeney,ddudeney9x@wix.com,Male,103.225.8.93
359,Nananne,Rowbury,nrowbury9y@bing.com,Female,38.30.179.196
360,Lauretta,MacNeish,lmacneish9z@nydailynews.com,Female,138.247.112.43
361,Norina,Rickert,nrickerta0@networkadvertising.org,Female,107.236.131.224
362,Charles,Gallally,cgallallya1@sohu.com,Male,231.5.213.162
363,Marcelline,Dreghorn,mdreghorna2@ibm.com,Female,65.152.62.76
364,Tandi,Musto,tmustoa3@apple.com,Bigender,79.77.253.185
365,Helenelizabeth,Hubatsch,hhubatscha4@census.gov,Female,187.64.229.38
366,Emma,Napolione,enapolionea5@mozilla.com,Non-binary,76.239.222.36
367,Petronille,Woolford,pwoolforda6@google.pl,Female,159.241.129.39
368,Pauli,Brockway,pbrockwaya7@intel.com,Female,207.61.63.203
369,Rivi,Bayston,rbaystona8@home.pl,Polygender,189.166.83.103
370,Herschel,Ferson,hfersona9@addtoany.com,Male,73.201.10.182
371,Sherwin,McGebenay,smcgebenayaa@freewebs.com,Male,33.84.103.73
372,Yorgo,Sloper,ysloperab@youtu.be,Male,170.44.204.136
373,Starr,Daughton,sdaughtonac@comsenz.com,Female,92.129.215.34
374,Giovanni,Kobke,gkobkead@feedburner.com,Male,35.249.157.248
375,Ibbie,Gambell,igambellae@jugem.jp,Female,148.202.244.19
376,Vicky,Wycherley,vwycherleyaf@tmall.com,Polygender,122.63.55.59
377,Leelah,Greenier,lgreenierag@icq.com,Female,20.99.132.114
378,Vasilis,Castro,vcastroah@mediafire.com,Male,178.29.232.198
379,Dianne,Sothern,dsothernai@mapy.cz,Female,28.50.228.195
380,Marius,Planke,mplankeaj@de.vu,Male,234.34.238.57
381,Marjie,Dangerfield,mdangerfieldak@bluehost.com,Genderqueer,235.222.195.100
382,Baxy,Caraher,bcaraheral@t-online.de,Male,222.226.129.83
383,Teriann,Templeton,ttempletonam@sakura.ne.jp,Female,57.1.95.227
384,Idelle,Scrooby,iscroobyan@fema.gov,Female,220.96.49.86
385,Akim,Polycote,apolycoteao@nature.com,Male,64.166.243.95
386,Lolly,Lauxmann,llauxmannap@fastcompany.com,Female,214.110.98.253
387,Hershel,Vere,hvereaq@newyorker.com,Male,127.225.1.80
388,Broddie,Calcraft,bcalcraftar@virginia.edu,Male,115.51.188.135
389,Rosette,Goodban,rgoodbanas@vinaora.com,Female,189.223.239.60
390,Frances,Tomczak,ftomczakat@slate.com,Female,151.114.41.78
391,Felicio,Knight,fknightau@altervista.org,Male,85.114.171.26
392,Marleah,Deinhardt,mdeinhardtav@over-blog.com,Female,185.197.153.49
393,Raymond,McFayden,rmcfaydenaw@wordpress.org,Male,15.13.225.216
394,Aylmer,Crome,acromeax@thetimes.co.uk,Male,22.247.143.115
395,Stavros,Ramelot,sramelotay@cam.ac.uk,Male,150.125.159.18
396,Glori,Kilmister,gkilmisteraz@scribd.com,Genderfluid,205.228.108.20
397,Noll,Delbergue,ndelbergueb0@toplist.cz,Male,28.70.211.222
398,Carlynne,Loads,cloadsb1@slideshare.net,Female,38.132.71.238
399,Berna,Laugharne,blaugharneb2@youtube.com,Female,185.194.215.249
400,Gherardo,Barriball,gbarriballb3@nps.gov,Male,144.19.12.159
401,Glynn,Ramard,gramardb4@scribd.com,Male,88.34.110.59
402,Kalie,Peverell,kpeverellb5@pinterest.com,Female,86.69.119.13
403,Tobiah,Rackstraw,trackstrawb6@shareasale.com,Male,177.253.6.248
404,Gardener,Formie,gformieb7@cmu.edu,Male,55.1.100.51
405,Jephthah,Sussems,jsussemsb8@tinyurl.com,Male,218.143.99.46
406,Ardyce,Baignard,abaignardb9@va.gov,Female,92.212.232.122
407,Danya,McCue,dmccueba@home.pl,Male,203.41.216.168
408,Clarke,Bratcher,cbratcherbb@aol.com,Male,111.167.22.109
409,Benjie,Guidelli,bguidellibc@arizona.edu,Male,174.185.90.124
410,Erika,Chaize,echaizebd@nytimes.com,Female,2.126.18.38
411,Kelly,Cisson,kcissonbe@blogs.com,Agender,174.124.134.230
412,Zulema,Barneville,zbarnevillebf@amazonaws.com,Female,115.147.97.0
413,David,Barnewall,dbarnewallbg@army.mil,Male,196.206.24.127
414,Eden,Rocks,erocksbh@unblog.fr,Female,59.139.231.166
415,Agnese,Mayou,amayoubi@prweb.com,Female,137.21.191.165
416,Ogdon,Lawford,olawfordbj@amazon.de,Male,205.113.195.100
417,Claude,Portman,cportmanbk@smh.com.au,Female,247.82.148.181
418,Parker,Rechert,prechertbl@scribd.com,Male,174.157.111.125
419,Falito,Zuanazzi,fzuanazzibm@forbes.com,Male,86.73.234.15
420,Bernhard,Andreia,bandreiabn@wikispaces.com,Male,40.188.224.202
421,Carter,Oldacres,coldacresbo@marriott.com,Male,170.64.54.136
422,Jarrid,Asple,jasplebp@eventbrite.com,Male,249.1.158.242
423,Heidi,Simnor,hsimnorbq@vinaora.com,Female,230.150.86.79
424,Filia,Grassot,fgrassotbr@nih.gov,Female,113.186.177.92
425,Stephanie,Chese,schesebs@uol.com.br,Female,237.180.183.238
426,Katrine,Varey,kvareybt@dedecms.com,Female,194.165.144.228
427,Corette,Gomar,cgomarbu@linkedin.com,Female,97.213.136.181
428,Alair,Crowd,acrowdbv@dion.ne.jp,Male,252.122.150.26
429,Joelly,Sutcliff,jsutcliffbw@google.de,Female,6.221.205.217
430,Deeanne,Cicetti,dcicettibx@hp.com,Genderfluid,210.7.14.222
431,Alvan,Ewestace,aewestaceby@patch.com,Male,190.203.201.122
432,Etta,Faers,efaersbz@businessweek.com,Female,42.22.39.37
433,Sibyl,Plummer,splummerc0@bing.com,Female,233.79.198.44
434,Krista,Woffinden,kwoffindenc1@flickr.com,Female,25.155.93.24
435,Aloisia,Girk,agirkc2@washingtonpost.com,Female,100.137.79.98
436,Jamil,Lipman,jlipmanc3@live.com,Male,18.116.71.94
437,Sarah,Johansen,sjohansenc4@prnewswire.com,Female,52.37.5.10
438,Alta,Chilver,achilverc5@nyu.edu,Female,154.225.35.230
439,Eadmund,Dahlborg,edahlborgc6@livejournal.com,Male,7.45.190.179
440,Clare,Ortiga,cortigac7@weebly.com,Male,10.44.123.180
441,Sean,Sothcott,ssothcottc8@nsw.gov.au,Male,169.240.192.68
442,Wenona,Milsap,wmilsapc9@ustream.tv,Bigender,97.108.33.126
443,Vivyan,Pellew,vpellewca@ft.com,Female,105.218.111.126
444,Nathaniel,Iacovazzi,niacovazzicb@webmd.com,Male,81.10.200.74
445,Susan,Handscombe,shandscombecc@yellowpages.com,Female,196.169.217.195
446,Odessa,Rathmell,orathmellcd@hc360.com,Female,211.73.142.29
447,Justina,Purkess,jpurkessce@bing.com,Female,11.2.192.247
448,Jemmy,Boyda,jboydacf@dropbox.com,Female,77.64.105.61
449,Anthe,Phizackerly,aphizackerlycg@go.com,Female,106.10.20.216
450,Karee,Killford,kkillfordch@ft.com,Female,156.16.142.25
451,Conny,Fettes,cfettesci@youku.com,Male,157.123.185.48
452,Nonnah,Birds,nbirdscj@answers.com,Female,149.37.30.83
453,Zebulen,Cranage,zcranageck@hostgator.com,Male,36.34.45.94
454,Harlene,Newens,hnewenscl@foxnews.com,Female,201.196.217.165
455,Aldous,Rosetti,arosetticm@sphinn.com,Male,100.81.105.205
456,Annemarie,Juan,ajuancn@ucsd.edu,Female,157.170.127.188
457,Agnes,Belham,abelhamco@oracle.com,Bigender,93.231.75.24
458,Keen,Rispen,krispencp@flavors.me,Male,207.112.161.37
459,Harwilll,Tropman,htropmancq@addthis.com,Male,79.72.10.94
460,Lanny,Gabala,lgabalacr@1688.com,Bigender,7.206.216.21
461,Elinor,Dimitresco,edimitrescocs@cafepress.com,Female,124.24.113.92
462,Emlyn,Calloway,ecallowayct@wiley.com,Male,244.2.101.228
463,Amandy,Cockell,acockellcu@purevolume.com,Female,131.142.63.26
464,Mag,Hamlett,mhamlettcv@xinhuanet.com,Genderfluid,22.240.60.129
465,Chaunce,Ofer,cofercw@accuweather.com,Genderfluid,30.50.89.217
466,Ellary,Bourke,ebourkecx@google.com.hk,Male,84.122.50.96
467,Clement,Loeber,cloebercy@4shared.com,Male,27.97.55.72
468,Anne-corinne,Bernucci,abernuccicz@netscape.com,Female,222.43.89.12
469,Gerri,Rays,graysd0@com.com,Female,57.83.100.39
470,Thornie,Prendeguest,tprendeguestd1@wix.com,Male,140.196.189.100
471,Ansel,Thecham,athechamd2@themeforest.net,Male,182.175.64.139
472,Orran,Hayen,ohayend3@scribd.com,Male,63.180.146.51
473,Charisse,Sales,csalesd4@stanford.edu,Female,110.39.156.148
474,Rozanna,Guppie,rguppied5@sciencedaily.com,Female,246.189.0.4
475,Marcelo,Kelwaybamber,mkelwaybamberd6@dagondesign.com,Male,190.241.64.110
476,Alana,Pendergast,apendergastd7@unicef.org,Female,175.203.253.29
477,Claudius,Knolles-Green,cknollesgreend8@devhub.com,Polygender,53.146.2.82
478,Antin,Bredbury,abredburyd9@comcast.net,Male,73.202.85.134
479,Anna,Douris,adourisda@wired.com,Female,78.21.92.76
480,Gracie,Adamsen,gadamsendb@clickbank.net,Genderqueer,98.6.165.34
481,Felice,Thorpe,fthorpedc@multiply.com,Male,82.80.43.2
482,Mallory,Gajownik,mgajownikdd@timesonline.co.uk,Female,143.213.206.216
483,Rhodia,Viner,rvinerde@examiner.com,Female,112.236.116.34
484,Thaxter,McLaverty,tmclavertydf@admin.ch,Male,182.193.226.212
485,Kenny,Mapother,kmapotherdg@hao123.com,Male,189.42.170.65
486,Horace,Drowsfield,hdrowsfielddh@craigslist.org,Male,167.188.141.2
487,Leon,Melbourne,lmelbournedi@youku.com,Genderfluid,111.86.253.28
488,Alidia,Roback,arobackdj@mlb.com,Female,43.160.167.74
489,Elinore,Burger,eburgerdk@pen.io,Female,36.24.254.165
490,Jarred,Mellsop,jmellsopdl@amazon.de,Male,224.139.41.221
491,Shandie,Mico,smicodm@yellowpages.com,Female,7.227.129.88
492,Leila,Andrini,landrinidn@economist.com,Female,55.84.49.145
493,Tarah,Kirwood,tkirwooddo@latimes.com,Female,141.149.188.88
494,Rollo,Meiklam,rmeiklamdp@wufoo.com,Male,68.100.234.103
495,Veronike,Punton,vpuntondq@g.co,Female,105.118.208.97
496,Ambros,Dagg,adaggdr@bizjournals.com,Male,18.126.90.184
497,Erda,Mynott,emynottds@shareasale.com,Female,128.113.198.119
498,Sapphire,Moakes,smoakesdt@seattletimes.com,Female,69.25.234.18
499,Emmy,Chick,echickdu@drupal.org,Female,24.215.65.52
500,Margette,Mayer,mmayerdv@behance.net,Female,6.18.222.162
501,Germaine,Hanne,ghannedw@cbsnews.com,Non-binary,34.169.58.169
502,Teddy,Paulisch,tpaulischdx@theglobeandmail.com,Female,202.11.212.137
503,Gilli,Mold,gmolddy@businessinsider.com,Agender,2.147.103.97
504,Nathan,Bonnett,nbonnettdz@google.co.uk,Male,210.21.111.59
505,Nancy,Skillanders,nskillanderse0@behance.net,Female,118.58.199.171
506,Duane,McKyrrelly,dmckyrrellye1@sun.com,Male,80.75.144.18
507,Octavius,McGirr,omcgirre2@youtube.com,Male,118.245.77.42
508,Farrell,Waryk,fwaryke3@clickbank.net,Male,191.137.104.236
509,Elwood,Tireman,etiremane4@cmu.edu,Male,114.127.81.220
510,Tiff,Dibbert,tdibberte5@naver.com,Female,110.22.94.219
511,Benedikt,Hourahan,bhourahane6@army.mil,Male,117.20.147.99
512,Wakefield,Bellanger,wbellangere7@merriam-webster.com,Male,96.107.65.241
513,Tomaso,Bruhnicke,tbruhnickee8@qq.com,Male,43.184.221.167
514,Nannette,Hansford,nhansforde9@jimdo.com,Female,64.70.133.200
515,Orland,Howsam,ohowsamea@hugedomains.com,Male,190.235.241.87
516,Neill,Haversum,nhaversumeb@people.com.cn,Genderfluid,40.229.179.193
517,Barth,Malyj,bmalyjec@skype.com,Male,218.65.92.152
518,Clarance,Ambridge,cambridgeed@flickr.com,Male,22.195.9.169
519,Ronnica,McGettrick,rmcgettrickee@google.nl,Female,92.238.25.82
520,Ragnar,Couthard,rcouthardef@posterous.com,Male,44.42.163.217
521,Darius,Sines,dsineseg@apple.com,Male,18.255.8.223
522,Petey,Sparke,psparkeeh@msu.edu,Male,162.180.22.0
523,Adolph,Archbald,aarchbaldei@a8.net,Male,229.118.181.85
524,Bobby,Sopper,bsopperej@biblegateway.com,Female,114.250.217.206
525,Mary,McDirmid,mmcdirmidek@woothemes.com,Female,245.136.242.115
526,Cybill,Semeradova,csemeradovael@t.co,Polygender,155.128.249.191
527,Malanie,Impett,mimpettem@a8.net,Genderfluid,52.240.32.83
528,Grover,Lillyman,glillymanen@wikimedia.org,Male,215.125.123.80
529,Donni,Pickup,dpickupeo@wired.com,Female,95.231.5.6
530,Calv,Ferrarese,cferrareseep@wired.com,Male,102.165.127.211
531,Miguel,Snewin,msnewineq@free.fr,Male,120.209.109.26
532,Thorsten,Pruvost,tpruvoster@geocities.com,Male,103.143.83.120
533,Gerald,Dimbleby,gdimblebyes@purevolume.com,Male,31.175.152.16
534,Olin,McGragh,omcgraghet@nasa.gov,Male,170.110.163.194
535,Nevil,Selesnick,nselesnickeu@360.cn,Male,68.229.112.186
536,Batholomew,McIlwreath,bmcilwreathev@mayoclinic.com,Male,176.154.226.65
537,Morgun,Mackness,mmacknessew@ameblo.jp,Male,76.224.80.212
538,Pia,Cadlock,pcadlockex@geocities.jp,Female,162.97.180.193
539,Helga,Hirth,hhirthey@umn.edu,Female,159.70.56.221
540,Rollins,Coppeard,rcoppeardez@hexun.com,Male,30.160.113.29
541,Alard,Wrathall,awrathallf0@harvard.edu,Male,120.159.38.192
542,Didi,Hillett,dhillettf1@apple.com,Female,210.49.88.109
543,Fleurette,Hackworthy,fhackworthyf2@livejournal.com,Female,21.93.197.188
544,Quinton,Glassard,qglassardf3@blogs.com,Male,58.77.240.112
545,Aimil,Heigl,aheiglf4@forbes.com,Female,226.202.137.26
546,Jobina,Simson,jsimsonf5@hao123.com,Female,251.9.240.228
547,Aleksandr,Rubberts,arubbertsf6@blinklist.com,Male,11.224.24.199
548,Hart,Grindlay,hgrindlayf7@weebly.com,Male,87.77.71.211
549,Jeanelle,MacMenemy,jmacmenemyf8@kickstarter.com,Female,0.214.203.46
550,Corette,Itzkovich,citzkovichf9@csmonitor.com,Female,21.63.143.222
551,Scarlet,Mitkcov,smitkcovfa@nasa.gov,Female,155.110.182.76
552,Devonne,Orritt,dorrittfb@wix.com,Genderqueer,116.29.244.188
553,Weber,Weatherburn,wweatherburnfc@chron.com,Male,92.86.124.140
554,Ardis,Pooley,apooleyfd@liveinternet.ru,Female,43.217.159.254
555,D'arcy,Housego,dhousegofe@i2i.jp,Male,143.89.54.68
556,Hodge,O'Duane,hoduaneff@virginia.edu,Male,112.212.102.214
557,Demetrius,Vasilchenko,dvasilchenkofg@paginegialle.it,Male,154.122.40.124
558,Waly,Seiler,wseilerfh@ow.ly,Female,225.88.141.115
559,Kelcy,Pomphrey,kpomphreyfi@house.gov,Female,201.88.107.3
560,Markus,Swigg,mswiggfj@instagram.com,Male,28.100.99.159
561,Spencer,Favell,sfavellfk@sina.com.cn,Male,206.88.96.13
562,Brent,Robiou,brobioufl@bravesites.com,Male,90.175.130.224
563,Rayshell,Dreier,rdreierfm@is.gd,Female,114.217.189.118
564,Billi,Jacqueminet,bjacqueminetfn@sina.com.cn,Female,110.83.217.248
565,Irina,Bloggett,ibloggettfo@mozilla.org,Female,83.95.190.103
566,Dorice,Rabbage,drabbagefp@weibo.com,Female,242.191.214.169
567,Doralia,Ehlerding,dehlerdingfq@sbwire.com,Female,123.231.226.135
568,Nealy,Garbar,ngarbarfr@state.tx.us,Male,150.8.79.165
569,Imogene,McGilmartin,imcgilmartinfs@tamu.edu,Female,78.41.146.124
570,Lee,Salvadore,lsalvadoreft@google.it,Female,185.213.91.147
571,Clari,Bollands,cbollandsfu@huffingtonpost.com,Female,92.212.208.148
572,Noland,De Robertis,nderobertisfv@yahoo.com,Male,29.59.190.145
573,Norbie,Baughn,nbaughnfw@imgur.com,Male,89.95.154.140
574,Danella,Vaines,dvainesfx@scientificamerican.com,Polygender,194.131.233.165
575,Tybi,Twiddy,ttwiddyfy@senate.gov,Female,104.177.44.35
576,Malinde,Wisedale,mwisedalefz@free.fr,Female,204.106.223.22
577,Curt,Barensen,cbarenseng0@cdbaby.com,Male,249.232.57.74
578,Charla,Poli,cpolig1@guardian.co.uk,Female,119.164.177.193
579,Joseph,Dossit,jdossitg2@alexa.com,Male,255.173.188.130
580,Angelina,Jenman,ajenmang3@cargocollective.com,Female,4.186.145.163
581,Gav,Lamkin,glamking4@ucsd.edu,Male,32.21.3.1
582,Rancell,Kupper,rkupperg5@va.gov,Male,167.250.209.209
583,Yovonnda,Lawrence,ylawrenceg6@harvard.edu,Female,251.75.30.229
584,Bentley,Tordoff,btordoffg7@rakuten.co.jp,Bigender,9.94.132.181
585,Ruperta,Gooden,rgoodeng8@alexa.com,Female,29.220.119.207
586,Adrian,Wallen,awalleng9@wufoo.com,Bigender,31.129.244.199
587,Tallie,Copelli,tcopelliga@nasa.gov,Male,215.168.194.156
588,Tamas,Streak,tstreakgb@ezinearticles.com,Male,91.104.237.173
589,Chloe,Schroter,cschrotergc@vimeo.com,Female,244.156.142.133
590,Calv,Welling,cwellinggd@hostgator.com,Male,139.42.32.6
591,Heriberto,Dono,hdonoge@printfriendly.com,Male,91.172.217.78
592,Mitchell,Blackster,mblackstergf@godaddy.com,Male,86.84.236.182
593,Justino,Covill,jcovillgg@1688.com,Male,86.54.97.169
594,Levi,Dahlbom,ldahlbomgh@blog.com,Male,52.76.217.179
595,Piggy,Summerton,psummertongi@virginia.edu,Male,126.162.26.27
596,Lenci,Leger,llegergj@reference.com,Male,157.228.132.13
597,Sigfried,McLewd,smclewdgk@narod.ru,Male,45.206.219.48
598,Roderic,Bennike,rbennikegl@va.gov,Male,197.28.30.74
599,Madel,Fearfull,mfearfullgm@chronoengine.com,Female,119.186.41.132
600,Jemimah,Jakoub,jjakoubgn@privacy.gov.au,Genderqueer,83.124.49.213
601,Stavro,Denyagin,sdenyagingo@wikispaces.com,Male,210.59.150.11
602,Land,Sallenger,lsallengergp@discuz.net,Male,119.61.236.9
603,Rad,Grabeham,rgrabehamgq@furl.net,Male,144.222.66.93
604,Lorena,Messier,lmessiergr@instagram.com,Female,165.126.83.123
605,Bellanca,Seamon,bseamongs@wisc.edu,Female,224.10.240.194
606,Mannie,Buffy,mbuffygt@sphinn.com,Male,98.67.132.205
607,Linette,Ledgley,lledgleygu@fema.gov,Female,146.97.119.240
608,Katrine,Morfey,kmorfeygv@flickr.com,Female,5.89.82.238
609,Sybil,Ausiello,sausiellogw@youtu.be,Female,118.2.25.120
610,Templeton,Agirre,tagirregx@loc.gov,Male,55.242.0.10
611,Dreddy,Hoodless,dhoodlessgy@blinklist.com,Female,188.123.154.17
612,Patrizia,Farnorth,pfarnorthgz@de.vu,Genderqueer,25.168.67.195
613,Berky,Baum,bbaumh0@goo.ne.jp,Male,189.61.67.8
614,Glynn,Limprecht,glimprechth1@ezinearticles.com,Male,29.38.98.164
615,Nicola,Ingold,ningoldh2@printfriendly.com,Female,110.250.240.236
616,Loydie,Gallaccio,lgallaccioh3@jalbum.net,Male,138.164.157.131
617,Celeste,Gear,cgearh4@latimes.com,Female,238.237.121.26
618,Galen,Laver,glaverh5@newyorker.com,Male,251.14.172.27
619,Svend,Corrington,scorringtonh6@goo.ne.jp,Male,197.38.168.130
620,Siana,Moxon,smoxonh7@guardian.co.uk,Polygender,6.127.137.219
621,Jacintha,Lauchlan,jlauchlanh8@guardian.co.uk,Female,186.30.110.133
622,Shaughn,Pentlow,spentlowh9@canalblog.com,Male,114.47.93.234
623,Annabelle,Emmanueli,aemmanueliha@technorati.com,Female,146.41.58.62
624,Goober,Stollberger,gstollbergerhb@intel.com,Male,159.78.26.214
625,Nicko,Segrott,nsegrotthc@nsw.gov.au,Male,7.18.104.50
626,Salmon,Bartalini,sbartalinihd@ustream.tv,Male,253.69.142.237
627,Daryl,Cescotti,dcescottihe@photobucket.com,Female,211.160.221.195
628,Jozef,Gagie,jgagiehf@jalbum.net,Bigender,89.124.201.4
629,Willdon,Newband,wnewbandhg@cafepress.com,Male,221.172.64.213
630,Mollie,Schorah,mschorahhh@washington.edu,Female,117.190.64.230
631,Kylie,Matheson,kmathesonhi@1und1.de,Agender,172.90.146.76
632,Kassie,Cowap,kcowaphj@dyndns.org,Female,98.173.91.190
633,Staffard,Dunbleton,sdunbletonhk@comcast.net,Male,166.84.4.20
634,Minette,Phebee,mphebeehl@blogspot.com,Female,226.96.205.72
635,Gertrud,Craythorn,gcraythornhm@prnewswire.com,Female,136.109.50.150
636,Roz,McAllan,rmcallanhn@cdc.gov,Female,148.175.152.223
637,Kira,Bamell,kbamellho@comcast.net,Female,50.161.245.223
638,Blakeley,Fabbri,bfabbrihp@squidoo.com,Female,77.164.189.215
639,Ryley,Basezzi,rbasezzihq@studiopress.com,Non-binary,184.13.155.252
640,Ardella,Rogerson,arogersonhr@newyorker.com,Female,62.30.91.49
641,Linea,Mannooch,lmannoochhs@craigslist.org,Female,26.255.140.93
642,Maximilien,Flips,mflipsht@histats.com,Male,217.174.80.107
643,Serena,Huccaby,shuccabyhu@bravesites.com,Female,83.217.188.98
644,Davita,Danielsky,ddanielskyhv@bloglovin.com,Female,26.98.181.89
645,Rivalee,Pohl,rpohlhw@zdnet.com,Female,143.59.34.227
646,Ambrose,Shaxby,ashaxbyhx@cmu.edu,Male,17.214.182.11
647,Franzen,Bezants,fbezantshy@ucoz.com,Male,251.81.30.212
648,Maurie,Palatino,mpalatinohz@about.com,Male,193.183.21.51
649,Junie,Milton,jmiltoni0@php.net,Female,197.241.181.180
650,Rica,Stillert,rstillerti1@infoseek.co.jp,Female,199.95.21.87
651,Chantalle,Dawidsohn,cdawidsohni2@yahoo.co.jp,Female,47.112.220.37
652,Francis,Beckerleg,fbeckerlegi3@list-manage.com,Male,49.170.111.5
653,Reinald,Sarjeant,rsarjeanti4@noaa.gov,Male,14.56.47.174
654,Moshe,Everwin,meverwini5@printfriendly.com,Male,42.196.231.76
655,Livvie,Skeldon,lskeldoni6@alibaba.com,Female,30.218.30.39
656,Blinny,Proffer,bprofferi7@etsy.com,Female,148.11.129.81
657,Junina,Cinnamond,jcinnamondi8@weebly.com,Female,113.13.119.105
658,Wendye,Dalton,wdaltoni9@unblog.fr,Female,130.156.144.212
659,Rollins,Sopper,rsopperia@rambler.ru,Male,251.216.18.45
660,Hazlett,Ruckert,hruckertib@yellowbook.com,Agender,234.192.242.61
661,Dottie,Peagram,dpeagramic@elegantthemes.com,Female,56.12.165.154
662,Alexandr,Wollers,awollersid@zdnet.com,Male,204.114.121.83
663,Weylin,Lougheed,wlougheedie@vistaprint.com,Male,44.78.105.154
664,Chelsae,Dilland,cdillandif@cafepress.com,Female,227.78.84.44
665,Pavia,Burdell,pburdellig@senate.gov,Female,229.140.253.56
666,Merilee,Bischof,mbischofih@blinklist.com,Genderqueer,162.108.123.2
667,Lita,Tantrum,ltantrumii@woothemes.com,Female,56.74.109.175
668,Francois,Whinney,fwhinneyij@jugem.jp,Male,154.34.9.75
669,Renee,Woodwing,rwoodwingik@xing.com,Non-binary,231.44.141.242
670,Irina,Radki,iradkiil@vkontakte.ru,Non-binary,116.173.164.111
671,Gipsy,Alekseev,galekseevim@howstuffworks.com,Female,193.100.46.82
672,Loralee,Nys,lnysin@people.com.cn,Female,220.253.165.153
673,Tracee,Bysouth,tbysouthio@github.com,Female,255.64.53.76
674,Cari,Grimwad,cgrimwadip@cloudflare.com,Female,137.243.122.235
675,Libby,Gummer,lgummeriq@ftc.gov,Female,10.170.231.243
676,Abbe,Farra,afarrair@stanford.edu,Female,49.171.102.181
677,Brod,Champley,bchampleyis@hubpages.com,Male,41.188.37.231
678,Clarette,Leaburn,cleaburnit@sakura.ne.jp,Female,53.61.68.208
679,Calla,Donnison,cdonnisoniu@cafepress.com,Female,69.189.47.231
680,Skippie,Bartolomieu,sbartolomieuiv@4shared.com,Male,75.78.90.99
681,Gayel,Davidof,gdavidofiw@amazon.co.jp,Agender,55.112.192.14
682,Frannie,Renzullo,frenzulloix@w3.org,Agender,160.3.230.238
683,Clarine,Bodle,cbodleiy@pagesperso-orange.fr,Female,237.212.77.143
684,Vale,Brownlow,vbrownlowiz@archive.org,Male,163.17.69.231
685,Clotilda,Martusewicz,cmartusewiczj0@cnet.com,Female,51.79.179.27
686,Otto,Caudrelier,ocaudrelierj1@businesswire.com,Male,55.103.217.187
687,Marjy,Meeus,mmeeusj2@netlog.com,Female,235.176.188.107
688,Boothe,Julian,bjulianj3@sciencedaily.com,Male,167.252.49.54
689,Lorin,Farrimond,lfarrimondj4@harvard.edu,Male,175.1.161.98
690,Burnard,Pomphrett,bpomphrettj5@washingtonpost.com,Male,125.16.87.115
691,Karney,Mahmood,kmahmoodj6@dagondesign.com,Male,164.96.102.14
692,Bernetta,Raggett,braggettj7@fema.gov,Female,26.20.251.130
693,Carly,Kilmaster,ckilmasterj8@seattletimes.com,Female,177.180.233.155
694,Karilynn,Ferrarese,kferraresej9@nhs.uk,Female,249.9.140.207
695,Taylor,Neising,tneisingja@wikispaces.com,Male,99.147.132.111
696,Bud,McMurdo,bmcmurdojb@hp.com,Male,163.241.34.56
697,Renado,Finley,rfinleyjc@wisc.edu,Male,0.19.75.20
698,Junina,Gennerich,jgennerichjd@zdnet.com,Female,9.246.38.249
699,Cari,Depke,cdepkeje@printfriendly.com,Genderfluid,144.254.172.187
700,Rikki,Faull,rfaulljf@mozilla.org,Male,80.102.181.86
701,Brittany,MacDunleavy,bmacdunleavyjg@gnu.org,Female,104.249.34.19
702,Ilene,Heggman,iheggmanjh@photobucket.com,Polygender,86.170.205.211
703,Lucy,Vose,lvoseji@i2i.jp,Female,247.116.187.200
704,Iggie,Burchett,iburchettjj@economist.com,Male,86.142.5.135
705,Nerty,Syme,nsymejk@apache.org,Female,82.16.4.50
706,Rebecka,Cooke,rcookejl@youtu.be,Female,241.159.22.122
707,Iormina,Harradine,iharradinejm@wired.com,Female,90.204.20.239
708,Huntington,Mowbray,hmowbrayjn@cnet.com,Male,166.104.177.25
709,Kalvin,Alcott,kalcottjo@yandex.ru,Bigender,59.140.36.157
710,Ermentrude,Lyte,elytejp@apple.com,Female,165.65.151.199
711,Pollyanna,Paur,ppaurjq@t-online.de,Female,223.20.6.147
712,Scarlet,Luno,slunojr@constantcontact.com,Female,104.117.247.52
713,Lesli,Cridlan,lcridlanjs@phpbb.com,Female,189.103.230.187
714,Moishe,Downse,mdownsejt@amazon.de,Male,158.244.116.113
715,Dyana,Rouzet,drouzetju@technorati.com,Female,181.215.240.246
716,Cody,Piniur,cpiniurjv@51.la,Male,25.103.0.173
717,Carlina,Flecknoe,cflecknoejw@canalblog.com,Female,55.52.114.123
718,Baillie,Frostdyke,bfrostdykejx@360.cn,Male,155.110.107.229
719,Gill,Hamlen,ghamlenjy@reuters.com,Female,45.248.68.127
720,Florenza,Scipsey,fscipseyjz@virginia.edu,Female,128.7.239.196
721,Doretta,O'Hickey,dohickeyk0@goo.gl,Female,57.169.150.54
722,Morganica,Besse,mbessek1@google.com.au,Female,54.0.85.56
723,Alexander,Hallatt,ahallattk2@google.ca,Male,152.115.141.146
724,Elfrida,Mapledoore,emapledoorek3@mozilla.com,Female,66.12.239.18
725,Matthus,Cockrem,mcockremk4@1688.com,Male,117.180.108.203
726,Horst,Pretious,hpretiousk5@techcrunch.com,Male,6.51.155.185
727,Davy,Whitsey,dwhitseyk6@icio.us,Male,111.168.129.41
728,Dyan,Bortoletti,dbortolettik7@prweb.com,Female,120.211.163.231
729,Whitaker,Fenich,wfenichk8@pbs.org,Genderfluid,136.134.215.239
730,Corri,Parcall,cparcallk9@bandcamp.com,Female,115.155.2.5
731,Tanny,Morley,tmorleyka@google.co.uk,Male,39.117.197.238
732,Trina,Mallinder,tmallinderkb@china.com.cn,Female,251.217.38.109
733,Michel,Dumke,mdumkekc@quantcast.com,Genderqueer,135.126.66.42
734,Ferdy,Michelet,fmicheletkd@cafepress.com,Male,112.224.247.220
735,Kaylyn,Seligson,kseligsonke@msu.edu,Female,176.13.45.89
736,Teddie,Ruecastle,truecastlekf@msu.edu,Male,243.19.68.158
737,Baron,Cahn,bcahnkg@php.net,Male,195.169.156.116
738,Clem,Fort,cfortkh@parallels.com,Female,202.75.130.194
739,Ramsay,Breadmore,rbreadmoreki@phpbb.com,Male,98.55.139.35
740,Onfre,Clutterham,oclutterhamkj@umn.edu,Male,96.23.12.183
741,Kerk,Yeoland,kyeolandkk@tamu.edu,Male,231.6.222.143
742,Shea,Hylden,shyldenkl@pbs.org,Agender,123.9.62.55
743,Bibi,Fadden,bfaddenkm@independent.co.uk,Female,184.100.201.136
744,Kim,Curror,kcurrorkn@slideshare.net,Male,171.232.79.89
745,Averill,Campanelli,acampanelliko@wikipedia.org,Male,6.200.153.233
746,Bibbye,Schiell,bschiellkp@berkeley.edu,Female,74.78.104.246
747,Winnie,Mainland,wmainlandkq@reddit.com,Female,209.98.236.232
748,Laurella,Impleton,limpletonkr@diigo.com,Female,176.18.37.170
749,Kipp,Barhems,kbarhemsks@auda.org.au,Male,126.43.13.207
750,Ancell,Portis,aportiskt@liveinternet.ru,Male,33.54.86.167
751,Hercule,Ockendon,hockendonku@irs.gov,Male,155.133.230.173
752,Emera,Scholefield,escholefieldkv@statcounter.com,Genderqueer,222.163.177.9
753,Birch,Fotherby,bfotherbykw@mayoclinic.com,Male,48.82.185.37
754,Douglass,Carvilla,dcarvillakx@rediff.com,Male,157.12.91.143
755,Cari,Woodcroft,cwoodcroftky@pagesperso-orange.fr,Non-binary,79.158.194.240
756,Erena,Barnwell,ebarnwellkz@ca.gov,Polygender,240.78.46.163
757,Randee,Shaudfurth,rshaudfurthl0@wisc.edu,Female,243.175.7.24
758,Elwin,McMillian,emcmillianl1@scribd.com,Male,4.52.123.26
759,Rainer,Cudde,rcuddel2@mediafire.com,Male,38.215.105.250
760,Culver,Winterscale,cwinterscalel3@amazon.co.uk,Male,197.170.240.145
761,Idalia,Jaggi,ijaggil4@telegraph.co.uk,Female,56.130.249.215
762,Katrina,Sloat,ksloatl5@economist.com,Female,157.99.58.200
763,Dalton,Lyfield,dlyfieldl6@europa.eu,Male,162.28.123.69
764,Haily,Titterell,htitterelll7@uiuc.edu,Male,29.100.106.36
765,Corliss,Allday,calldayl8@flickr.com,Female,40.154.30.23
766,Mignonne,Borsi,mborsil9@toplist.cz,Genderfluid,189.229.165.123
767,Sonni,Benditt,sbendittla@java.com,Female,224.85.202.206
768,Roseanna,Fitzsimon,rfitzsimonlb@scientificamerican.com,Female,13.74.41.31
769,Patric,Madelin,pmadelinlc@npr.org,Non-binary,39.67.144.253
770,Sheffie,Von Der Empten,svonderemptenld@t.co,Male,170.195.32.52
771,Doralia,Bliven,dblivenle@nhs.uk,Female,220.2.19.132
772,Cordelie,Bursell,cburselllf@geocities.jp,Female,16.60.85.50
773,Stacie,Naptin,snaptinlg@angelfire.com,Genderfluid,41.74.94.181
774,Donella,Scheu,dscheulh@zimbio.com,Female,17.112.155.30
775,Ricard,Habble,rhabbleli@google.com.hk,Male,68.191.83.44
776,Rog,Shama,rshamalj@nasa.gov,Male,11.151.104.94
777,Jessica,Heppner,jheppnerlk@google.pl,Female,172.211.10.209
778,Amory,Steinham,asteinhamll@ocn.ne.jp,Male,171.163.143.20
779,See,Quilligan,squilliganlm@desdev.cn,Male,200.41.96.183
780,Harwilll,Fortnam,hfortnamln@about.com,Male,58.158.24.9
781,Angela,Faire,afairelo@timesonline.co.uk,Female,200.117.50.66
782,Broddie,Baldin,bbaldinlp@wired.com,Male,205.0.151.220
783,Dorothea,Vispo,dvispolq@berkeley.edu,Female,130.17.251.4
784,Gabbie,Braunstein,gbraunsteinlr@ning.com,Genderqueer,43.24.213.134
785,Benny,McGlone,bmcglonels@nba.com,Female,241.21.85.78
786,Merry,Canland,mcanlandlt@nhs.uk,Agender,161.42.207.99
787,Baudoin,Valerius,bvaleriuslu@plala.or.jp,Male,108.69.46.0
788,Hakeem,Willas,hwillaslv@liveinternet.ru,Male,27.69.190.254
789,Addi,Titmarsh,atitmarshlw@a8.net,Female,165.214.39.29
790,Lilas,Tullot,ltullotlx@simplemachines.org,Female,244.57.119.105
791,Leah,Willoughey,lwillougheyly@privacy.gov.au,Female,225.49.38.22
792,Scotti,Sproat,ssproatlz@xinhuanet.com,Male,198.176.189.6
793,Teddie,Redington,tredingtonm0@soup.io,Female,30.16.121.183
794,Orelee,Firmage,ofirmagem1@eepurl.com,Female,213.127.107.72
795,Eldredge,MacGown,emacgownm2@example.com,Male,54.39.202.46
796,Ashlie,Walmsley,awalmsleym3@yellowpages.com,Female,82.83.172.249
797,Delora,Marvin,dmarvinm4@vinaora.com,Female,41.212.60.102
798,Ricard,McFarland,rmcfarlandm5@vinaora.com,Male,126.152.90.31
799,Carol,Janczyk,cjanczykm6@quantcast.com,Polygender,146.182.86.227
800,Roley,Twiggs,rtwiggsm7@issuu.com,Male,90.91.61.195
801,Cariotta,Kennerley,ckennerleym8@delicious.com,Female,232.150.130.149
802,Petronia,Mokes,pmokesm9@feedburner.com,Female,167.130.4.175
803,Garv,Joscelyne,gjoscelynema@webeden.co.uk,Male,197.165.72.82
804,Chrotoem,Work,cworkmb@macromedia.com,Male,122.10.92.207
805,Leona,Deny,ldenymc@vkontakte.ru,Female,11.122.129.154
806,Elspeth,Wasling,ewaslingmd@fda.gov,Female,11.43.13.49
807,Siusan,Hopkynson,shopkynsonme@ftc.gov,Female,58.164.190.84
808,Eben,Brunone,ebrunonemf@constantcontact.com,Polygender,93.105.18.112
809,Gilberto,Dusting,gdustingmg@adobe.com,Male,12.148.113.228
810,Bennett,Creffeild,bcreffeildmh@si.edu,Bigender,168.200.52.150
811,Richmond,Rother,rrothermi@cnn.com,Male,9.245.69.242
812,Tally,Copnell,tcopnellmj@infoseek.co.jp,Female,93.90.39.240
813,Leone,Whiley,lwhileymk@addthis.com,Female,123.99.154.120
814,Brand,Whyley,bwhyleyml@prweb.com,Male,153.5.87.254
815,Lark,Papes,lpapesmm@twitpic.com,Female,172.105.253.148
816,Nedi,Ralph,nralphmn@printfriendly.com,Female,232.113.225.190
817,Cherice,Osban,cosbanmo@marriott.com,Female,248.232.213.14
818,Rebekah,Harrinson,rharrinsonmp@cyberchimps.com,Female,141.247.22.121
819,Gorden,Erington,geringtonmq@about.com,Male,24.83.78.108
820,Kaine,Gasnell,kgasnellmr@indiatimes.com,Male,158.137.246.165
821,Viole,Flower,vflowerms@pagesperso-orange.fr,Female,190.226.114.122
822,Cordy,Lambert,clambertmt@vkontakte.ru,Female,192.167.87.120
823,Anatola,Cremins,acreminsmu@artisteer.com,Female,162.102.219.59
824,Lind,Ions,lionsmv@sina.com.cn,Female,175.252.78.90
825,Gabriele,Wolsey,gwolseymw@businesswire.com,Male,114.84.174.187
826,Ofella,Proom,oproommx@google.com.br,Female,236.19.122.138
827,Carrol,Peinton,cpeintonmy@tripadvisor.com,Male,115.28.79.213
828,Cheri,Gilliat,cgilliatmz@eepurl.com,Female,68.164.8.52
829,Wood,Bellelli,wbellellin0@geocities.jp,Male,135.5.123.166
830,Arda,Harrow,aharrown1@facebook.com,Female,200.135.138.212
831,Christabella,Newens,cnewensn2@angelfire.com,Female,95.193.235.15
832,Dugald,Gercken,dgerckenn3@cnbc.com,Male,35.72.104.165
833,Packston,Tavernor,ptavernorn4@phoca.cz,Male,173.253.191.190
834,Carmen,Stable,cstablen5@blogtalkradio.com,Female,192.150.172.21
835,Malchy,Stanley,mstanleyn6@tuttocitta.it,Male,127.164.69.40
836,Tiphanie,Gabriel,tgabrieln7@fotki.com,Female,192.175.150.17
837,Jemima,Lamblot,jlamblotn8@ow.ly,Female,75.105.155.167
838,Katya,Bullus,kbullusn9@arstechnica.com,Female,74.190.142.206
839,Adelice,Kupke,akupkena@bbb.org,Female,15.160.215.181
840,Brear,Ruddlesden,bruddlesdennb@i2i.jp,Female,27.232.161.6
841,Lou,Tinn,ltinnnc@t-online.de,Female,159.254.125.57
842,Donovan,Patridge,dpatridgend@tamu.edu,Male,242.209.207.111
843,Hogan,Abbatt,habbattne@shinystat.com,Male,196.254.6.53
844,Veronique,Fibbens,vfibbensnf@tripod.com,Female,205.239.205.251
845,Christoforo,Roff,croffng@amazon.com,Male,62.216.160.145
846,Mikkel,Yancey,myanceynh@businesswire.com,Male,145.23.19.4
847,Bone,McKleod,bmckleodni@hp.com,Male,247.120.217.46
848,Nolana,Marsy,nmarsynj@miibeian.gov.cn,Female,184.116.199.97
849,Melvin,Kees,mkeesnk@last.fm,Male,80.175.75.204
850,Carmina,Buckston,cbuckstonnl@joomla.org,Female,9.210.228.205
851,Heather,Barlow,hbarlownm@parallels.com,Female,66.27.139.169
852,Carree,Pepperrall,cpepperrallnn@vk.com,Female,134.211.160.143
853,Keriann,Blenkharn,kblenkharnno@technorati.com,Female,100.34.194.106
854,Darin,Bumpus,dbumpusnp@plala.or.jp,Male,124.136.199.127
855,Ollie,Libbie,olibbienq@examiner.com,Male,181.245.193.19
856,Damon,Espinazo,despinazonr@goo.gl,Male,21.143.186.75
857,Ian,Loughan,iloughanns@earthlink.net,Male,137.78.197.180
858,Ansel,Girdlestone,agirdlestonent@vkontakte.ru,Male,34.236.156.76
859,Rawley,Doumic,rdoumicnu@google.cn,Male,18.245.30.125
860,Desmund,Worlidge,dworlidgenv@usa.gov,Male,102.178.227.157
861,Phillie,Tout,ptoutnw@ucoz.ru,Female,1.104.87.26
862,Moshe,Reiach,mreiachnx@huffingtonpost.com,Male,173.134.193.187
863,Pamelina,Gabbotts,pgabbottsny@canalblog.com,Female,239.208.150.128
864,Lonnard,Gettings,lgettingsnz@elpais.com,Polygender,153.166.241.104
865,Una,Skeffington,uskeffingtono0@netscape.com,Female,234.1.22.118
866,Walsh,Jacomb,wjacombo1@mit.edu,Male,105.200.216.219
867,Irita,Ellwell,iellwello2@hatena.ne.jp,Female,152.195.97.208
868,Donnie,Klimashevich,dklimashevicho3@loc.gov,Genderfluid,222.35.139.232
869,Neile,Redmayne,nredmayneo4@plala.or.jp,Female,119.15.32.38
870,Warde,Swane,wswaneo5@hubpages.com,Male,196.203.31.143
871,Anastasia,Showell,ashowello6@1688.com,Female,169.188.59.184
872,Romonda,Romeo,rromeoo7@blinklist.com,Female,242.46.56.41
873,Christal,Fice,cficeo8@google.com.hk,Female,63.187.185.209
874,Leora,Atchly,latchlyo9@linkedin.com,Female,133.91.147.178
875,Frieda,Wilcockes,fwilcockesoa@eventbrite.com,Female,25.39.240.198
876,Lynde,Beades,lbeadesob@un.org,Genderqueer,37.84.139.220
877,Damiano,Quaintance,dquaintanceoc@jigsy.com,Male,158.10.77.34
878,Maryl,Melwall,mmelwallod@vkontakte.ru,Female,177.167.161.141
879,Dieter,Collihole,dcolliholeoe@unc.edu,Male,205.170.142.73
880,Ailsun,Dominichetti,adominichettiof@ask.com,Female,99.183.211.249
881,Natale,Lindroos,nlindroosog@usnews.com,Male,91.245.133.205
882,Knox,MacNab,kmacnaboh@bloglovin.com,Male,1.254.224.215
883,Else,Roulston,eroulstonoi@admin.ch,Female,45.242.41.246
884,Anny,Darmody,adarmodyoj@mozilla.org,Female,139.220.110.180
885,Frederigo,Shortt,fshorttok@blinklist.com,Male,11.154.189.220
886,Kirstyn,Galpen,kgalpenol@4shared.com,Female,153.92.117.254
887,Ulrich,Joerning,ujoerningom@adobe.com,Male,157.43.90.19
888,Lane,MacAlinden,lmacalindenon@ucoz.com,Female,185.42.104.96
889,Hestia,Sivell,hsivelloo@ezinearticles.com,Female,167.80.2.153
890,Alena,Brothwell,abrothwellop@networkadvertising.org,Female,137.106.39.161
891,Rutger,Shillabeer,rshillabeeroq@desdev.cn,Male,81.169.244.239
892,Arie,Lindores,alindoresor@over-blog.com,Male,34.67.212.154
893,Diarmid,Wheatcroft,dwheatcroftos@odnoklassniki.ru,Non-binary,227.245.73.76
894,Bobinette,Moggle,bmoggleot@marketwatch.com,Female,92.204.81.253
895,Humbert,Braham,hbrahamou@sun.com,Male,250.21.117.127
896,Ellene,Corker,ecorkerov@springer.com,Female,217.85.21.172
897,Rory,Blackaller,rblackallerow@indiegogo.com,Male,20.51.135.128
898,Antonetta,Hackett,ahackettox@ted.com,Female,235.2.28.5
899,Arlen,Wisby,awisbyoy@hc360.com,Female,208.30.96.150
900,Georgiana,Haugeh,ghaugehoz@icio.us,Female,97.104.142.162
901,Matilda,Doucette,mdoucettep0@patch.com,Female,39.134.21.43
902,Marcela,O' Scallan,moscallanp1@smugmug.com,Female,243.45.132.159
903,Alasdair,Abbyss,aabbyssp2@ustream.tv,Male,111.180.80.68
904,Hobey,Duro,hdurop3@com.com,Bigender,172.182.22.71
905,Haslett,Grindell,hgrindellp4@spotify.com,Male,53.88.101.79
906,Eustacia,Josefsson,ejosefssonp5@woothemes.com,Female,143.184.240.95
907,Kaylil,Cowden,kcowdenp6@cbc.ca,Female,107.53.130.205
908,Jock,Andriveaux,jandriveauxp7@craigslist.org,Male,111.200.59.171
909,Yoko,Huckleby,yhucklebyp8@mlb.com,Female,125.231.198.236
910,Alvis,Skevington,askevingtonp9@discovery.com,Male,33.49.136.191
911,Conchita,Shier,cshierpa@blogtalkradio.com,Non-binary,18.15.54.106
912,Modestia,Verbrugghen,mverbrugghenpb@wisc.edu,Female,109.70.203.60
913,Danyette,Wratten,dwrattenpc@jiathis.com,Female,226.202.48.254
914,Corliss,Sutch,csutchpd@xrea.com,Bigender,34.119.225.218
915,Leoine,Medina,lmedinape@amazon.co.jp,Female,6.201.232.185
916,Edvard,Middle,emiddlepf@barnesandnoble.com,Male,246.59.141.58
917,Winnie,Kenney,wkenneypg@wix.com,Male,168.162.109.85
918,Brien,Blackley,bblackleyph@reverbnation.com,Male,86.171.151.246
919,Martita,Puddicombe,mpuddicombepi@unesco.org,Female,140.5.106.68
920,Hamil,Boullen,hboullenpj@qq.com,Male,67.137.179.196
921,Alex,Rockcliffe,arockcliffepk@dion.ne.jp,Male,146.48.253.227
922,Jecho,Oag,joagpl@merriam-webster.com,Male,211.192.70.250
923,Gray,Killock,gkillockpm@rakuten.co.jp,Male,185.125.223.155
924,Stacia,Hillhouse,shillhousepn@cornell.edu,Female,206.156.158.187
925,Kinna,Annakin,kannakinpo@wikipedia.org,Female,175.4.101.61
926,Allin,Delagnes,adelagnespp@psu.edu,Male,213.168.105.115
927,Barbara,Cosby,bcosbypq@yellowpages.com,Genderfluid,146.70.20.223
928,Lurline,Flewett,lflewettpr@noaa.gov,Female,78.253.253.119
929,Ethelbert,Piff,epiffps@creativecommons.org,Male,75.61.219.155
930,Melinda,Eringey,meringeypt@mtv.com,Female,105.87.39.153
931,Bartolemo,Morrow,bmorrowpu@accuweather.com,Male,193.41.115.231
932,Jobi,Dayne,jdaynepv@nba.com,Female,20.18.216.89
933,Dominic,Doerrling,ddoerrlingpw@mozilla.org,Male,61.102.190.118
934,Dane,Kinny,dkinnypx@house.gov,Male,25.4.99.30
935,Arel,Nuccitelli,anuccitellipy@ezinearticles.com,Male,201.95.163.86
936,Rabi,Pearcy,rpearcypz@youtube.com,Male,91.241.205.222
937,Appolonia,Franscioni,afranscioniq0@webmd.com,Female,226.121.181.48
938,Doris,Gruszecki,dgruszeckiq1@shutterfly.com,Female,171.124.213.239
939,Leigh,Grevel,lgrevelq2@woothemes.com,Male,197.155.251.5
940,Arthur,Dytham,adythamq3@umn.edu,Male,135.241.60.159
941,Laurianne,Amburgy,lamburgyq4@booking.com,Female,41.9.207.37
942,Val,Lamburne,vlamburneq5@google.com.br,Male,187.89.188.127
943,Milli,Gotfrey,mgotfreyq6@quantcast.com,Female,45.208.199.205
944,Dario,Hugnet,dhugnetq7@nydailynews.com,Male,106.90.7.50
945,Nyssa,Shorten,nshortenq8@printfriendly.com,Female,65.111.205.253
946,Angil,Gamlen,agamlenq9@360.cn,Bigender,138.201.132.8
947,Bambi,Dulieu,bdulieuqa@columbia.edu,Female,216.203.83.147
948,Chloe,Petrazzi,cpetrazziqb@cnn.com,Female,192.130.249.42
949,Roderich,Baccas,rbaccasqc@ask.com,Male,40.197.210.168
950,Berkeley,Arnecke,barneckeqd@trellian.com,Male,232.123.5.146
951,Petronia,Callar,pcallarqe@marketwatch.com,Female,58.193.255.161
952,Hyacintha,Chanter,hchanterqf@ibm.com,Female,236.97.21.63
953,Malchy,Karet,mkaretqg@mlb.com,Male,196.104.100.86
954,Jerome,Lory,jloryqh@twitter.com,Male,10.31.182.23
955,Jozef,Barczewski,jbarczewskiqi@sfgate.com,Male,193.100.218.82
956,Frans,Pounsett,fpounsettqj@indiatimes.com,Male,196.212.16.152
957,Jake,Thripp,jthrippqk@princeton.edu,Male,202.162.175.200
958,Saul,Sheran,ssheranql@nih.gov,Bigender,240.165.38.180
959,Port,Presnell,ppresnellqm@artisteer.com,Male,107.57.7.118
960,Alys,Upham,auphamqn@goodreads.com,Female,17.217.12.103
961,Kerwin,McGaffey,kmcgaffeyqo@huffingtonpost.com,Male,235.153.146.192
962,Geno,Sandcraft,gsandcraftqp@icq.com,Agender,95.153.90.235
963,Aldridge,Crehan,acrehanqq@freewebs.com,Male,169.213.90.151
964,Myrna,Flaunders,mflaundersqr@rakuten.co.jp,Female,204.171.53.183
965,Samara,Ethridge,sethridgeqs@51.la,Female,91.125.111.113
966,Dwight,McClymond,dmcclymondqt@theglobeandmail.com,Male,11.77.127.195
967,Renell,Adamov,radamovqu@wix.com,Female,208.136.38.201
968,Shauna,McGoogan,smcgooganqv@vkontakte.ru,Female,190.47.169.88
969,Aloin,Wardhaugh,awardhaughqw@archive.org,Male,194.138.164.102
970,Letty,Whitsun,lwhitsunqx@i2i.jp,Female,236.139.154.181
971,Karalynn,Jenkins,kjenkinsqy@bigcartel.com,Female,4.189.61.186
972,Dorothy,Lavallin,dlavallinqz@apple.com,Female,72.116.186.204
973,Anett,Battrum,abattrumr0@about.com,Female,202.103.174.18
974,Oberon,Macieiczyk,omacieiczykr1@tmall.com,Male,33.104.20.242
975,Erie,Volonte,evolonter2@dot.gov,Male,201.49.125.7
976,Caspar,Assante,cassanter3@java.com,Genderqueer,134.215.113.25
977,Latisha,Lobe,llober4@skyrock.com,Female,101.77.129.6
978,Hortensia,Benck,hbenckr5@oracle.com,Female,71.30.138.5
979,Sauncho,Bellis,sbellisr6@eventbrite.com,Male,155.221.97.81
980,Hi,Allder,hallderr7@mit.edu,Male,242.171.135.134
981,Francesca,Bathowe,fbathower8@blogs.com,Female,49.57.235.142
982,Jedediah,Best,jbestr9@chron.com,Male,24.193.143.71
983,Larry,Yegorovnin,lyegorovninra@tmall.com,Male,136.35.219.141
984,Welch,Such,wsuchrb@shop-pro.jp,Male,196.225.77.72
985,Starr,Brooking,sbrookingrc@unesco.org,Female,42.26.255.21
986,Hillary,Roberson,hrobersonrd@nhs.uk,Male,0.129.158.76
987,Cristiano,Teasdale-Markie,cteasdalemarkiere@digg.com,Male,239.238.140.133
988,Doralyn,Kinleyside,dkinleysiderf@tripod.com,Genderfluid,228.227.152.230
989,Sher,M'cowis,smcowisrg@example.com,Female,3.234.33.216
990,Kippie,Mandrier,kmandrierrh@youtube.com,Male,241.56.169.108
991,Micky,Cradey,mcradeyri@wikispaces.com,Male,160.23.64.44
992,Henryetta,Cahill,hcahillrj@si.edu,Female,195.37.114.93
993,Myrvyn,Pohlke,mpohlkerk@alexa.com,Bigender,124.165.149.94
994,Elva,Garioch,egariochrl@usgs.gov,Female,185.145.133.161
995,Julian,Yitzovicz,jyitzoviczrm@dmoz.org,Male,225.150.188.146
996,Cissy,Baudon,cbaudonrn@google.es,Female,32.133.92.11
997,Val,Radoux,vradouxro@techcrunch.com,Female,167.239.126.104
998,Melonie,Lamball,mlamballrp@shinystat.com,Female,61.177.30.202
999,Geri,Leicester,gleicesterrq@domainmarket.com,Female,254.188.78.115
1000,Fowler,Haton,fhatonrr@prlog.org,Male,214.89.15.231
